{
    "run_1": [
        30.40000000000026,
        30.40000000000026,
        30.40000000000026,
        30.40000000000026,
        30.40000000000026
    ],
    "run_2": [
        10.60000000000023,
        10.60000000000023,
        10.60000000000023,
        10.60000000000023,
        10.60000000000023
    ],
    "run_3": [
        47.8000000000003,
        47.8000000000003,
        47.8000000000003,
        47.8000000000003,
        47.8000000000003
    ],
    "run_4": [
        19.600000000000236,
        19.600000000000236,
        19.600000000000236,
        19.600000000000236,
        19.600000000000236
    ],
    "run_5": [
        63.40000000000034,
        63.40000000000034,
        63.40000000000034,
        63.40000000000034,
        63.40000000000034
    ],
    "run_6": [
        53.80000000000032,
        53.80000000000032,
        53.80000000000032,
        53.80000000000032,
        53.80000000000032
    ],
    "run_7": [
        53.200000000000315,
        53.200000000000315,
        53.200000000000315,
        53.200000000000315,
        53.200000000000315
    ],
    "run_8": [
        43.60000000000029,
        43.60000000000029,
        43.60000000000029,
        43.60000000000029,
        43.60000000000029
    ],
    "run_9": [
        60.40000000000033,
        60.40000000000033,
        60.40000000000033,
        60.40000000000033,
        60.40000000000033
    ],
    "run_10": [
        26.20000000000025,
        26.20000000000025,
        26.20000000000025,
        26.20000000000025,
        26.20000000000025
    ]
}