{
    "run_1": [
        95.80000000000004,
        95.80000000000004,
        95.80000000000004,
        95.80000000000004,
        95.80000000000004
    ],
    "run_2": [
        98.20000000000002,
        98.20000000000002,
        98.20000000000002,
        98.20000000000002,
        98.20000000000002
    ],
    "run_3": [
        97.60000000000002,
        97.60000000000002,
        97.60000000000002,
        97.60000000000002,
        97.60000000000002
    ],
    "run_4": [
        98.20000000000002,
        98.20000000000002,
        98.20000000000002,
        98.20000000000002,
        98.20000000000002
    ],
    "run_5": [
        93.40000000000006,
        93.40000000000006,
        93.40000000000006,
        93.40000000000006,
        93.40000000000006
    ],
    "run_6": [
        97.00000000000003,
        97.00000000000003,
        97.00000000000003,
        97.00000000000003,
        97.00000000000003
    ],
    "run_7": [
        98.80000000000001,
        98.80000000000001,
        98.80000000000001,
        98.80000000000001,
        98.80000000000001
    ],
    "run_8": [
        98.80000000000001,
        98.80000000000001,
        98.80000000000001,
        98.80000000000001,
        98.80000000000001
    ],
    "run_9": [
        98.20000000000002,
        98.20000000000002,
        98.20000000000002,
        98.20000000000002,
        98.20000000000002
    ],
    "run_10": [
        95.80000000000004,
        95.80000000000004,
        95.80000000000004,
        95.80000000000004,
        95.80000000000004
    ]
}