{
    "run_1": 1.450000000000081,
    "run_2": 6.35000000000008,
    "run_3": 7.325000000000081,
    "run_4": -1.049999999999912,
    "run_5": 2.3000000000000824,
    "run_6": 3.9250000000001144,
    "run_7": 1.0750000000001023,
    "run_8": 7.325000000000081,
    "run_9": -2.4499999999998927,
    "run_10": 6.375000000000085,
    "run_11": 9.300000000000054,
    "run_12": 0.07500000000008811,
    "run_13": 6.025000000000045,
    "run_14": 10.125000000000014,
    "run_15": -3.974999999999916,
    "run_16": 7.500000000000085,
    "run_17": 1.4750000000000796,
    "run_18": 1.4000000000001016,
    "run_19": -3.2499999999999503,
    "run_20": -2.299999999999919,
    "run_21": 1.7250000000000405,
    "run_22": 6.900000000000077,
    "run_23": 0.6500000000000732,
    "run_24": 7.675000000000104,
    "run_25": 4.325000000000081,
    "run_26": -4.199999999999996,
    "run_27": 5.250000000000078,
    "run_28": 4.075000000000074,
    "run_29": 1.9250000000000647,
    "run_30": -1.2249999999999055,
    "run_31": 0.20000000000010232,
    "run_32": -0.4499999999999531,
    "run_33": -8.09999999999988,
    "run_34": 3.8000000000000824,
    "run_35": -6.299999999999919,
    "run_36": 6.650000000000091,
    "run_37": -7.124999999999989,
    "run_38": -3.3499999999999055,
    "run_39": 2.7500000000000995,
    "run_40": 5.425000000000097,
    "run_41": 0.7750000000000874,
    "run_42": 7.575000000000081,
    "run_43": 4.175000000000086,
    "run_44": -7.949999999999996,
    "run_45": -8.824999999999928,
    "run_46": 8.725000000000094,
    "run_47": 2.3500000000000583,
    "run_48": -2.0749999999999105,
    "run_49": -1.899999999999899,
    "run_50": -4.374999999999879
}