{
    "run_1": -8.699999999999886,
    "run_2": -5.624999999999883,
    "run_3": -8.774999999999885,
    "run_4": -2.9749999999999233,
    "run_5": -15.524999999999885,
    "run_6": -5.474999999999884,
    "run_7": -10.949999999999882,
    "run_8": -6.724999999999881,
    "run_9": -6.574999999999882,
    "run_10": -0.22499999999990195,
    "run_11": -17.524999999999885,
    "run_12": -3.7999999999999154,
    "run_13": -6.4249999999998835,
    "run_14": 8.05000000000009,
    "run_15": -4.5499999999998835,
    "run_16": 2.6750000000000966,
    "run_17": 0.27500000000009095,
    "run_18": -3.899999999999885,
    "run_19": -5.824999999999882,
    "run_20": 6.375000000000085,
    "run_21": -10.299999999999887,
    "run_22": 1.8750000000000853,
    "run_23": -2.7749999999999133,
    "run_24": -5.474999999999888,
    "run_25": -6.749999999999886,
    "run_26": 0.30000000000008953,
    "run_27": -5.474999999999881,
    "run_28": -5.624999999999879,
    "run_29": -4.099999999999884,
    "run_30": 0.20000000000007745,
    "run_31": -0.39999999999991687,
    "run_32": -0.7999999999999403,
    "run_33": -5.1749999999998835,
    "run_34": -8.299999999999887,
    "run_35": -3.2999999999999154,
    "run_36": -8.04999999999988,
    "run_37": -7.124999999999883,
    "run_38": -2.9249999999999154,
    "run_39": -7.974999999999881,
    "run_40": -3.3249999999999247,
    "run_41": 0.15000000000009095,
    "run_42": 1.2750000000000767,
    "run_43": -1.5749999999998963,
    "run_44": -3.2249999999998877,
    "run_45": 2.600000000000094,
    "run_46": -8.374999999999886,
    "run_47": -10.099999999999877,
    "run_48": 2.5250000000000767,
    "run_49": -8.174999999999887,
    "run_50": -6.599999999999884
}