{
    "run_1": [
        95.20000000000005,
        95.20000000000005,
        95.20000000000005,
        95.20000000000005,
        95.20000000000005
    ],
    "run_2": [
        95.20000000000005,
        95.20000000000005,
        95.20000000000005,
        95.20000000000005,
        95.20000000000005
    ],
    "run_3": [
        98.20000000000002,
        98.20000000000002,
        98.20000000000002,
        98.20000000000002,
        98.20000000000002
    ],
    "run_4": [
        98.80000000000001,
        98.80000000000001,
        98.80000000000001,
        98.80000000000001,
        98.80000000000001
    ],
    "run_5": [
        97.00000000000003,
        97.00000000000003,
        97.00000000000003,
        97.00000000000003,
        97.00000000000003
    ],
    "run_6": [
        100,
        100,
        100,
        100,
        100
    ],
    "run_7": [
        97.00000000000003,
        97.00000000000003,
        97.00000000000003,
        97.00000000000003,
        97.00000000000003
    ],
    "run_8": [
        95.80000000000004,
        95.80000000000004,
        95.80000000000004,
        95.80000000000004,
        95.80000000000004
    ],
    "run_9": [
        99.4,
        99.4,
        99.4,
        99.4,
        99.4
    ],
    "run_10": [
        96.40000000000003,
        96.40000000000003,
        96.40000000000003,
        96.40000000000003,
        96.40000000000003
    ]
}