{
    "run_1": [
        71.80000000000027,
        71.80000000000027,
        71.80000000000027,
        71.80000000000027,
        71.80000000000027
    ],
    "run_2": [
        80.80000000000018,
        80.80000000000018,
        80.80000000000018,
        80.80000000000018,
        80.80000000000018
    ],
    "run_3": [
        29.80000000000026,
        29.80000000000026,
        29.80000000000026,
        29.80000000000026,
        29.80000000000026
    ],
    "run_4": [
        91.00000000000009,
        91.00000000000009,
        91.00000000000009,
        91.00000000000009,
        91.00000000000009
    ],
    "run_5": [
        71.20000000000027,
        71.20000000000027,
        71.20000000000027,
        71.20000000000027,
        71.20000000000027
    ],
    "run_6": [
        87.40000000000012,
        87.40000000000012,
        87.40000000000012,
        87.40000000000012,
        87.40000000000012
    ],
    "run_7": [
        -70.0,
        -70.0,
        -70.0,
        -70.0,
        -70.0
    ],
    "run_8": [
        70.00000000000028,
        70.00000000000028,
        70.00000000000028,
        70.00000000000028,
        70.00000000000028
    ],
    "run_9": [
        68.2000000000003,
        68.2000000000003,
        68.2000000000003,
        68.2000000000003,
        68.2000000000003
    ],
    "run_10": [
        85.00000000000014,
        85.00000000000014,
        85.00000000000014,
        85.00000000000014,
        85.00000000000014
    ]
}