{
    "run_1": [
        98.80000000000001,
        98.80000000000001,
        98.80000000000001,
        98.80000000000001,
        98.80000000000001
    ],
    "run_2": [
        96.40000000000003,
        96.40000000000003,
        96.40000000000003,
        96.40000000000003,
        96.40000000000003
    ],
    "run_3": [
        97.60000000000002,
        97.60000000000002,
        97.60000000000002,
        97.60000000000002,
        97.60000000000002
    ],
    "run_4": [
        98.80000000000001,
        98.80000000000001,
        98.80000000000001,
        98.80000000000001,
        98.80000000000001
    ],
    "run_5": [
        82.00000000000017,
        82.00000000000017,
        82.00000000000017,
        82.00000000000017,
        82.00000000000017
    ],
    "run_6": [
        97.60000000000002,
        97.60000000000002,
        97.60000000000002,
        97.60000000000002,
        97.60000000000002
    ],
    "run_7": [
        94.60000000000005,
        94.60000000000005,
        94.60000000000005,
        94.60000000000005,
        94.60000000000005
    ],
    "run_8": [
        98.80000000000001,
        98.80000000000001,
        98.80000000000001,
        98.80000000000001,
        98.80000000000001
    ],
    "run_9": [
        97.00000000000003,
        97.00000000000003,
        97.00000000000003,
        97.00000000000003,
        97.00000000000003
    ],
    "run_10": [
        97.60000000000002,
        97.60000000000002,
        97.60000000000002,
        97.60000000000002,
        97.60000000000002
    ]
}