{
    "run_1": [
        -60.0,
        -60.0,
        -60.0,
        -60.0,
        -60.0
    ],
    "run_2": [
        29.20000000000026,
        29.20000000000026,
        29.20000000000026,
        29.20000000000026,
        29.20000000000026
    ],
    "run_3": [
        30.40000000000026,
        30.40000000000026,
        30.40000000000026,
        30.40000000000026,
        30.40000000000026
    ],
    "run_4": [
        52.600000000000314,
        52.600000000000314,
        52.600000000000314,
        52.600000000000314,
        52.600000000000314
    ],
    "run_5": [
        32.200000000000266,
        32.200000000000266,
        32.200000000000266,
        32.200000000000266,
        32.200000000000266
    ],
    "run_6": [
        1.6000000000002341,
        1.6000000000002341,
        1.6000000000002341,
        1.6000000000002341,
        1.6000000000002341
    ],
    "run_7": [
        44.200000000000294,
        44.200000000000294,
        44.200000000000294,
        44.200000000000294,
        44.200000000000294
    ],
    "run_8": [
        41.80000000000029,
        41.80000000000029,
        41.80000000000029,
        41.80000000000029,
        41.80000000000029
    ],
    "run_9": [
        19.000000000000234,
        19.000000000000234,
        19.000000000000234,
        19.000000000000234,
        19.000000000000234
    ],
    "run_10": [
        -20.0,
        -20.0,
        -20.0,
        -20.0,
        -20.0
    ]
}