{
    "run_1": [
        71.80000000000027,
        19.000000000000234,
        7.000000000000233,
        19.000000000000234,
        19.000000000000234
    ],
    "run_2": [
        -50.0,
        -50.0,
        80.80000000000018,
        80.80000000000018,
        -10.0
    ],
    "run_3": [
        30.40000000000026,
        30.40000000000026,
        30.40000000000026,
        30.40000000000026,
        22.00000000000024
    ],
    "run_4": [
        -30.0,
        51.40000000000031,
        51.40000000000031,
        91.00000000000009,
        51.40000000000031
    ],
    "run_5": [
        -30.0,
        -20.0,
        -20.0,
        -20.0,
        71.20000000000027
    ],
    "run_6": [
        87.40000000000012,
        -70.0,
        -70.0,
        -70.0,
        -10.0
    ],
    "run_7": [
        -90.0,
        -70.0,
        -70.0,
        -70.0,
        -70.0
    ],
    "run_8": [
        55.00000000000032,
        62.20000000000034,
        70.00000000000028,
        55.00000000000032,
        70.00000000000028
    ],
    "run_9": [
        32.80000000000027,
        32.80000000000027,
        68.2000000000003,
        28.600000000000257,
        68.2000000000003
    ],
    "run_10": [
        85.00000000000014,
        67.6000000000003,
        67.6000000000003,
        85.00000000000014,
        -30.0
    ]
}