{
    "run_1": [
        50.20000000000031,
        50.20000000000031,
        50.20000000000031,
        50.20000000000031,
        50.20000000000031
    ],
    "run_2": [
        40.600000000000286,
        40.600000000000286,
        40.600000000000286,
        40.600000000000286,
        40.600000000000286
    ],
    "run_3": [
        35.800000000000274,
        35.800000000000274,
        35.800000000000274,
        35.800000000000274,
        35.800000000000274
    ],
    "run_4": [
        47.2000000000003,
        47.2000000000003,
        47.2000000000003,
        47.2000000000003,
        47.2000000000003
    ],
    "run_5": [
        -40.0,
        -40.0,
        -40.0,
        -40.0,
        -40.0
    ],
    "run_6": [
        9.400000000000231,
        9.400000000000231,
        9.400000000000231,
        9.400000000000231,
        9.400000000000231
    ],
    "run_7": [
        38.80000000000028,
        38.80000000000028,
        38.80000000000028,
        38.80000000000028,
        38.80000000000028
    ],
    "run_8": [
        52.00000000000031,
        52.00000000000031,
        52.00000000000031,
        52.00000000000031,
        52.00000000000031
    ],
    "run_9": [
        39.40000000000028,
        39.40000000000028,
        39.40000000000028,
        39.40000000000028,
        39.40000000000028
    ],
    "run_10": [
        -30.0,
        -30.0,
        -30.0,
        -30.0,
        -30.0
    ]
}