{
    "run_1": [
        60.40000000000033,
        76.60000000000022,
        76.60000000000022,
        91.60000000000008,
        97.60000000000002
    ],
    "run_2": [
        88.60000000000011,
        98.80000000000001,
        88.60000000000011,
        86.20000000000013,
        88.60000000000011
    ],
    "run_3": [
        83.20000000000016,
        79.0000000000002,
        44.200000000000294,
        79.0000000000002,
        97.60000000000002
    ],
    "run_4": [
        79.6000000000002,
        1.000000000000234,
        84.40000000000015,
        79.6000000000002,
        1.000000000000234
    ],
    "run_5": [
        83.20000000000016,
        96.40000000000003,
        52.00000000000031,
        52.00000000000031,
        76.60000000000022
    ],
    "run_6": [
        82.60000000000016,
        90.40000000000009,
        62.20000000000034,
        90.40000000000009,
        90.40000000000009
    ],
    "run_7": [
        99.4,
        99.4,
        78.4000000000002,
        78.4000000000002,
        -100
    ],
    "run_8": [
        89.8000000000001,
        89.8000000000001,
        89.8000000000001,
        83.20000000000016,
        -10.0
    ],
    "run_9": [
        72.40000000000026,
        72.40000000000026,
        76.00000000000023,
        95.20000000000005,
        95.20000000000005
    ],
    "run_10": [
        -30.0,
        -30.0,
        97.60000000000002,
        84.40000000000015,
        -30.0
    ]
}