{
    "run_1": [
        67.00000000000031,
        67.00000000000031,
        67.00000000000031,
        67.00000000000031,
        67.00000000000031
    ],
    "run_2": [
        -10.0,
        -10.0,
        -10.0,
        -10.0,
        -10.0
    ],
    "run_3": [
        84.40000000000015,
        84.40000000000015,
        84.40000000000015,
        84.40000000000015,
        84.40000000000015
    ],
    "run_4": [
        79.0000000000002,
        79.0000000000002,
        79.0000000000002,
        79.0000000000002,
        79.0000000000002
    ],
    "run_5": [
        85.60000000000014,
        85.60000000000014,
        85.60000000000014,
        85.60000000000014,
        85.60000000000014
    ],
    "run_6": [
        71.80000000000027,
        71.80000000000027,
        71.80000000000027,
        71.80000000000027,
        71.80000000000027
    ],
    "run_7": [
        78.4000000000002,
        78.4000000000002,
        78.4000000000002,
        78.4000000000002,
        78.4000000000002
    ],
    "run_8": [
        35.20000000000027,
        35.20000000000027,
        35.20000000000027,
        35.20000000000027,
        35.20000000000027
    ],
    "run_9": [
        66.40000000000032,
        66.40000000000032,
        66.40000000000032,
        66.40000000000032,
        66.40000000000032
    ],
    "run_10": [
        87.40000000000012,
        87.40000000000012,
        87.40000000000012,
        87.40000000000012,
        87.40000000000012
    ]
}