{
    "run_1": [
        -60.0,
        -60.0,
        -60.0,
        -60.0,
        -60.0
    ],
    "run_2": [
        68.8000000000003,
        68.8000000000003,
        68.8000000000003,
        68.8000000000003,
        68.8000000000003
    ],
    "run_3": [
        -60.0,
        -60.0,
        -60.0,
        -60.0,
        -60.0
    ],
    "run_4": [
        85.00000000000014,
        85.00000000000014,
        85.00000000000014,
        85.00000000000014,
        85.00000000000014
    ],
    "run_5": [
        89.2000000000001,
        89.2000000000001,
        89.2000000000001,
        89.2000000000001,
        89.2000000000001
    ],
    "run_6": [
        80.20000000000019,
        80.20000000000019,
        80.20000000000019,
        80.20000000000019,
        80.20000000000019
    ],
    "run_7": [
        83.80000000000015,
        83.80000000000015,
        83.80000000000015,
        83.80000000000015,
        83.80000000000015
    ],
    "run_8": [
        67.00000000000031,
        67.00000000000031,
        67.00000000000031,
        67.00000000000031,
        67.00000000000031
    ],
    "run_9": [
        76.00000000000023,
        76.00000000000023,
        76.00000000000023,
        76.00000000000023,
        76.00000000000023
    ],
    "run_10": [
        83.20000000000016,
        83.20000000000016,
        83.20000000000016,
        83.20000000000016,
        83.20000000000016
    ]
}