{
    "run_1": [
        71.80000000000027,
        67.00000000000031,
        67.00000000000031,
        71.80000000000027,
        71.80000000000027
    ],
    "run_2": [
        63.40000000000034,
        58.60000000000033,
        58.60000000000033,
        63.40000000000034,
        58.60000000000033
    ],
    "run_3": [
        55.60000000000032,
        55.60000000000032,
        59.20000000000033,
        59.20000000000033,
        84.40000000000015
    ],
    "run_4": [
        68.2000000000003,
        68.2000000000003,
        76.60000000000022,
        76.60000000000022,
        79.0000000000002
    ],
    "run_5": [
        85.60000000000014,
        -30.0,
        85.60000000000014,
        -30.0,
        85.60000000000014
    ],
    "run_6": [
        28.600000000000257,
        71.80000000000027,
        28.600000000000257,
        28.600000000000257,
        28.600000000000257
    ],
    "run_7": [
        -60.0,
        78.4000000000002,
        78.4000000000002,
        78.4000000000002,
        -10.0
    ],
    "run_8": [
        35.20000000000027,
        -70.0,
        35.20000000000027,
        -70.0,
        35.20000000000027
    ],
    "run_9": [
        43.60000000000029,
        43.60000000000029,
        43.60000000000029,
        43.60000000000029,
        66.40000000000032
    ],
    "run_10": [
        -50.0,
        -50.0,
        -10.0,
        -50.0,
        -50.0
    ]
}