{
    "run_1": [
        -40.0,
        27.400000000000254,
        -40.0,
        27.400000000000254,
        27.400000000000254
    ],
    "run_2": [
        -50.0,
        -40.0,
        -30.0,
        -80.0,
        -80.0
    ],
    "run_3": [
        33.40000000000027,
        33.40000000000027,
        33.40000000000027,
        -90.0,
        33.40000000000027
    ],
    "run_4": [
        -70.0,
        -60.0,
        -70.0,
        -60.0,
        -30.0
    ],
    "run_5": [
        2.200000000000234,
        -10.0,
        28.000000000000256,
        -10.0,
        2.200000000000234
    ],
    "run_6": [
        -50.0,
        13.600000000000229,
        -60.0,
        13.600000000000229,
        13.600000000000229
    ],
    "run_7": [
        -60.0,
        -40.0,
        36.400000000000276,
        -60.0,
        -50.0
    ],
    "run_8": [
        -40.0,
        -40.0,
        -60.0,
        -60.0,
        -40.0
    ],
    "run_9": [
        1.000000000000234,
        -20.0,
        -20.0,
        -70.0,
        1.000000000000234
    ],
    "run_10": [
        -50.0,
        -50.0,
        -70.0,
        -70.0,
        -70.0
    ]
}