{
    "run_1": [
        -70.0,
        -40.0,
        -40.0,
        -70.0,
        17.80000000000023
    ],
    "run_2": [
        47.8000000000003,
        -50.0,
        -50.0,
        47.8000000000003,
        47.8000000000003
    ],
    "run_3": [
        -30.0,
        32.80000000000027,
        32.80000000000027,
        -50.0,
        -30.0
    ],
    "run_4": [
        42.40000000000029,
        -10.0,
        -10.0,
        -10.0,
        42.40000000000029
    ],
    "run_5": [
        -70.0,
        -50.0,
        -70.0,
        -70.0,
        -50.0
    ],
    "run_6": [
        -100,
        -100,
        -90.0,
        -90.0,
        -100
    ],
    "run_7": [
        -70.0,
        -50.0,
        -70.0,
        -50.0,
        -50.0
    ],
    "run_8": [
        -40.0,
        -40.0,
        -60.0,
        -70.0,
        -60.0
    ],
    "run_9": [
        -90.0,
        38.20000000000028,
        -70.0,
        -80.0,
        -90.0
    ],
    "run_10": [
        -30.0,
        41.80000000000029,
        -80.0,
        41.80000000000029,
        41.80000000000029
    ]
}