{
    "run_1": [
        95.20000000000005,
        48.400000000000304,
        80.80000000000018,
        48.400000000000304,
        76.00000000000023
    ],
    "run_2": [
        95.20000000000005,
        85.60000000000014,
        95.20000000000005,
        -10.0,
        95.20000000000005
    ],
    "run_3": [
        92.20000000000007,
        40.600000000000286,
        98.20000000000002,
        -100,
        98.20000000000002
    ],
    "run_4": [
        93.40000000000006,
        88.60000000000011,
        88.60000000000011,
        98.80000000000001,
        -28.999999999999766
    ],
    "run_5": [
        97.00000000000003,
        97.00000000000003,
        -22.7999999999997,
        97.00000000000003,
        97.00000000000003
    ],
    "run_6": [
        81.40000000000018,
        -40.999999999999766,
        81.40000000000018,
        100,
        100
    ],
    "run_7": [
        76.60000000000022,
        77.20000000000022,
        77.20000000000022,
        76.60000000000022,
        47.8000000000003
    ],
    "run_8": [
        84.40000000000015,
        82.00000000000017,
        82.00000000000017,
        95.80000000000004,
        95.80000000000004
    ],
    "run_9": [
        82.00000000000017,
        86.80000000000013,
        86.80000000000013,
        82.00000000000017,
        79.6000000000002
    ],
    "run_10": [
        96.40000000000003,
        7.800000000000232,
        89.8000000000001,
        7.800000000000232,
        70.60000000000028
    ]
}