{
    "run_1": 8.175000000000097,
    "run_2": 4.900000000000091,
    "run_3": 0.225000000000108,
    "run_4": -2.549999999999912,
    "run_5": -2.849999999999895,
    "run_6": 5.625000000000092,
    "run_7": -9.174999999999887,
    "run_8": 6.90000000000007,
    "run_9": 3.225000000000094,
    "run_10": -7.799999999999947,
    "run_11": -3.6749999999998977,
    "run_12": -4.824999999999896,
    "run_13": 3.550000000000111,
    "run_14": 2.0000000000000995,
    "run_15": -0.7749999999999062,
    "run_16": 1.2250000000000938,
    "run_17": 5.47500000000008,
    "run_18": 0.27500000000011227,
    "run_19": 3.2500000000000853,
    "run_20": 0.12500000000008527,
    "run_21": 0.6250000000000853,
    "run_22": 14.20000000000006,
    "run_23": -1.974999999999909,
    "run_24": -6.0499999999999226,
    "run_25": 2.850000000000094,
    "run_26": 5.075000000000102,
    "run_27": 5.950000000000102,
    "run_28": -0.09999999999990195,
    "run_29": -4.249999999999886,
    "run_30": 4.175000000000097,
    "run_31": 3.2250000000000867,
    "run_32": 9.600000000000101,
    "run_33": -1.1999999999999176,
    "run_34": -3.9999999999999005,
    "run_35": 2.975000000000062,
    "run_36": -4.149999999999892,
    "run_37": -5.099999999999881,
    "run_38": -8.374999999999918,
    "run_39": 5.825000000000102,
    "run_40": -0.7749999999999062,
    "run_41": -1.6749999999998835,
    "run_42": -7.1249999999999005,
    "run_43": -4.924999999999912,
    "run_44": 7.075000000000095,
    "run_45": -2.474999999999895,
    "run_46": 10.775000000000091,
    "run_47": -1.1749999999998977,
    "run_48": 2.7750000000000696,
    "run_49": 3.4500000000001094,
    "run_50": -0.24999999999990052
}