{
    "run_1": 19.500000000000064,
    "run_2": 14.275000000000091,
    "run_3": 8.300000000000075,
    "run_4": 14.225000000000087,
    "run_5": 13.45000000000006,
    "run_6": 18.375000000000078,
    "run_7": 6.100000000000037,
    "run_8": 8.975000000000083,
    "run_9": 17.475000000000094,
    "run_10": -5.2499999999999005,
    "run_11": 13.550000000000047,
    "run_12": 5.475000000000065,
    "run_13": 13.325000000000102,
    "run_14": 13.550000000000011,
    "run_15": 17.12500000000007,
    "run_16": 18.075000000000045,
    "run_17": -4.449999999999974,
    "run_18": 16.850000000000094,
    "run_19": 14.100000000000023,
    "run_20": 13.47500000000008,
    "run_21": 13.17500000000009,
    "run_22": 14.900000000000084,
    "run_23": -6.799999999999947,
    "run_24": 24.300000000000054,
    "run_25": 3.8000000000000824,
    "run_26": 11.125000000000064,
    "run_27": 25.975000000000094,
    "run_28": -7.099999999999888,
    "run_29": 11.350000000000101,
    "run_30": 9.750000000000071,
    "run_31": 7.500000000000092,
    "run_32": 13.70000000000006,
    "run_33": 12.100000000000108,
    "run_34": 17.85000000000008,
    "run_35": 27.450000000000088,
    "run_36": 8.80000000000011,
    "run_37": 22.000000000000057,
    "run_38": 18.650000000000077,
    "run_39": 25.325000000000088,
    "run_40": 19.375000000000085,
    "run_41": 15.575000000000088,
    "run_42": 11.025000000000084,
    "run_43": 17.575000000000095,
    "run_44": 19.975000000000087,
    "run_45": 22.925000000000054,
    "run_46": 14.575000000000067,
    "run_47": 17.72500000000006,
    "run_48": 7.650000000000091,
    "run_49": 15.00000000000005,
    "run_50": 6.100000000000108
}