{
    "run_1": [
        44.800000000000296,
        44.800000000000296,
        44.800000000000296,
        44.800000000000296,
        74.20000000000024
    ],
    "run_2": [
        66.40000000000032,
        66.40000000000032,
        -70.0,
        76.60000000000022,
        66.40000000000032
    ],
    "run_3": [
        31.000000000000263,
        71.20000000000027,
        71.20000000000027,
        31.000000000000263,
        31.000000000000263
    ],
    "run_4": [
        -70.0,
        -70.0,
        -70.0,
        -70.0,
        -80.0
    ],
    "run_5": [
        46.6000000000003,
        46.6000000000003,
        67.6000000000003,
        67.6000000000003,
        46.6000000000003
    ],
    "run_6": [
        70.00000000000028,
        53.80000000000032,
        53.80000000000032,
        70.00000000000028,
        66.40000000000032
    ],
    "run_7": [
        77.80000000000021,
        77.80000000000021,
        -80.0,
        77.80000000000021,
        77.80000000000021
    ],
    "run_8": [
        -20.0,
        -60.0,
        -60.0,
        -20.0,
        -60.0
    ],
    "run_9": [
        72.40000000000026,
        -60.0,
        -30.0,
        -30.0,
        72.40000000000026
    ],
    "run_10": [
        56.20000000000032,
        56.20000000000032,
        56.20000000000032,
        45.4000000000003,
        72.40000000000026
    ]
}