{
    "run_1": [
        44.800000000000296,
        44.800000000000296,
        44.800000000000296,
        44.800000000000296,
        38.80000000000028
    ],
    "run_2": [
        -70.0,
        66.40000000000032,
        76.60000000000022,
        66.40000000000032,
        -70.0
    ],
    "run_3": [
        31.000000000000263,
        31.000000000000263,
        71.20000000000027,
        31.000000000000263,
        71.20000000000027
    ],
    "run_4": [
        -70.0,
        -70.0,
        -70.0,
        -80.0,
        -80.0
    ],
    "run_5": [
        20.200000000000237,
        67.6000000000003,
        46.6000000000003,
        20.200000000000237,
        67.6000000000003
    ],
    "run_6": [
        66.40000000000032,
        66.40000000000032,
        53.80000000000032,
        53.80000000000032,
        53.80000000000032
    ],
    "run_7": [
        74.80000000000024,
        -80.0,
        -80.0,
        -80.0,
        -80.0
    ],
    "run_8": [
        -60.0,
        -60.0,
        -20.0,
        -20.0,
        -60.0
    ],
    "run_9": [
        -30.0,
        -30.0,
        -60.0,
        -30.0,
        -60.0
    ],
    "run_10": [
        45.4000000000003,
        56.20000000000032,
        45.4000000000003,
        56.20000000000032,
        45.4000000000003
    ]
}