{
    "run_1": [
        -100,
        95.80000000000004,
        74.20000000000024,
        -100,
        75.40000000000023
    ],
    "run_2": [
        68.2000000000003,
        88.60000000000011,
        98.20000000000002,
        47.8000000000003,
        98.20000000000002
    ],
    "run_3": [
        45.4000000000003,
        45.4000000000003,
        78.4000000000002,
        83.20000000000016,
        97.60000000000002
    ],
    "run_4": [
        76.60000000000022,
        94.60000000000005,
        98.20000000000002,
        98.20000000000002,
        76.60000000000022
    ],
    "run_5": [
        73.00000000000026,
        93.40000000000006,
        -90.0,
        86.20000000000013,
        86.20000000000013
    ],
    "run_6": [
        76.60000000000022,
        97.00000000000003,
        76.60000000000022,
        44.200000000000294,
        76.60000000000022
    ],
    "run_7": [
        75.40000000000023,
        75.40000000000023,
        30.40000000000026,
        98.80000000000001,
        30.40000000000026
    ],
    "run_8": [
        98.80000000000001,
        89.2000000000001,
        -50.0,
        89.2000000000001,
        82.60000000000016
    ],
    "run_9": [
        34.60000000000027,
        93.40000000000006,
        93.40000000000006,
        74.80000000000024,
        93.40000000000006
    ],
    "run_10": [
        95.80000000000004,
        71.80000000000027,
        95.80000000000004,
        32.200000000000266,
        63.40000000000034
    ]
}