{
    "run_1": [
        -60.0,
        -40.0,
        -60.0,
        -90.0,
        -60.0
    ],
    "run_2": [
        -80.0,
        -80.0,
        -80.0,
        -80.0,
        -80.0
    ],
    "run_3": [
        25.60000000000025,
        -60.0,
        -60.0,
        -60.0,
        25.60000000000025
    ],
    "run_4": [
        -10.0,
        -10.0,
        -10.0,
        -10.0,
        -50.0
    ],
    "run_5": [
        42.40000000000029,
        42.40000000000029,
        -20.0,
        -20.0,
        -50.0
    ],
    "run_6": [
        58.60000000000033,
        -50.0,
        58.60000000000033,
        58.60000000000033,
        58.60000000000033
    ],
    "run_7": [
        -90.0,
        -100,
        -100,
        -90.0,
        -90.0
    ],
    "run_8": [
        3.4000000000002344,
        -40.0,
        31.600000000000264,
        -40.0,
        -50.0
    ],
    "run_9": [
        -50.0,
        -20.0,
        -20.0,
        -20.0,
        -20.0
    ],
    "run_10": [
        21.40000000000024,
        -50.0,
        -50.0,
        21.40000000000024,
        -50.0
    ]
}