{
    "run_1": [
        -100,
        75.40000000000023,
        74.20000000000024,
        95.80000000000004,
        95.80000000000004
    ],
    "run_2": [
        98.20000000000002,
        47.8000000000003,
        47.8000000000003,
        47.8000000000003,
        88.60000000000011
    ],
    "run_3": [
        83.20000000000016,
        45.4000000000003,
        78.4000000000002,
        78.4000000000002,
        83.20000000000016
    ],
    "run_4": [
        98.20000000000002,
        94.60000000000005,
        94.60000000000005,
        47.8000000000003,
        47.8000000000003
    ],
    "run_5": [
        86.20000000000013,
        -90.0,
        93.40000000000006,
        86.20000000000013,
        93.40000000000006
    ],
    "run_6": [
        76.60000000000022,
        76.60000000000022,
        85.00000000000014,
        76.60000000000022,
        97.00000000000003
    ],
    "run_7": [
        98.80000000000001,
        75.40000000000023,
        30.40000000000026,
        75.40000000000023,
        30.40000000000026
    ],
    "run_8": [
        89.2000000000001,
        82.60000000000016,
        89.2000000000001,
        -50.0,
        89.2000000000001
    ],
    "run_9": [
        93.40000000000006,
        34.60000000000027,
        74.80000000000024,
        98.20000000000002,
        93.40000000000006
    ],
    "run_10": [
        63.40000000000034,
        95.80000000000004,
        32.200000000000266,
        32.200000000000266,
        63.40000000000034
    ]
}