{
    "run_1": [
        74.20000000000024,
        74.20000000000024,
        74.20000000000024,
        74.20000000000024,
        74.20000000000024
    ],
    "run_2": [
        76.60000000000022,
        76.60000000000022,
        76.60000000000022,
        76.60000000000022,
        76.60000000000022
    ],
    "run_3": [
        66.40000000000032,
        66.40000000000032,
        66.40000000000032,
        66.40000000000032,
        66.40000000000032
    ],
    "run_4": [
        76.00000000000023,
        76.00000000000023,
        76.00000000000023,
        76.00000000000023,
        76.00000000000023
    ],
    "run_5": [
        67.6000000000003,
        67.6000000000003,
        67.6000000000003,
        67.6000000000003,
        67.6000000000003
    ],
    "run_6": [
        66.40000000000032,
        66.40000000000032,
        66.40000000000032,
        66.40000000000032,
        66.40000000000032
    ],
    "run_7": [
        77.80000000000021,
        77.80000000000021,
        77.80000000000021,
        77.80000000000021,
        77.80000000000021
    ],
    "run_8": [
        72.40000000000026,
        72.40000000000026,
        72.40000000000026,
        72.40000000000026,
        72.40000000000026
    ],
    "run_9": [
        72.40000000000026,
        72.40000000000026,
        72.40000000000026,
        72.40000000000026,
        72.40000000000026
    ],
    "run_10": [
        72.40000000000026,
        72.40000000000026,
        72.40000000000026,
        72.40000000000026,
        72.40000000000026
    ]
}