{
    "run_1": [
        50.20000000000031,
        50.20000000000031,
        50.20000000000031,
        50.20000000000031,
        50.20000000000031
    ],
    "run_2": [
        -30.0,
        -30.0,
        -30.0,
        -30.0,
        -30.0
    ],
    "run_3": [
        55.00000000000032,
        55.00000000000032,
        55.00000000000032,
        55.00000000000032,
        55.00000000000032
    ],
    "run_4": [
        25.60000000000025,
        25.60000000000025,
        25.60000000000025,
        25.60000000000025,
        25.60000000000025
    ],
    "run_5": [
        59.20000000000033,
        59.20000000000033,
        59.20000000000033,
        59.20000000000033,
        59.20000000000033
    ],
    "run_6": [
        25.00000000000025,
        25.00000000000025,
        25.00000000000025,
        25.00000000000025,
        25.00000000000025
    ],
    "run_7": [
        55.00000000000032,
        55.00000000000032,
        55.00000000000032,
        55.00000000000032,
        55.00000000000032
    ],
    "run_8": [
        43.00000000000029,
        43.00000000000029,
        43.00000000000029,
        43.00000000000029,
        43.00000000000029
    ],
    "run_9": [
        -20.0,
        -20.0,
        -20.0,
        -20.0,
        -20.0
    ],
    "run_10": [
        58.00000000000033,
        58.00000000000033,
        58.00000000000033,
        58.00000000000033,
        58.00000000000033
    ]
}